Title,date,source,author
Singapore reports third death from COVID-19,29/3/2020,Channelnewsasia.com,CNA
Lady Gaga’s father criticised for asking for donations to pay restaurant staff,29/3/2020,Channelnewsasia.com,Channel NewsAsia
Olympics delay a blow for virus-hit Tokyo hotels,29/3/2020,Channelnewsasia.com,CNA
New Zealand records first death tied to COVID-19,29/3/2020,Channelnewsasia.com,CNA
Britney Spears commemorates 20th anniversary of Oops!... I Did It Again,29/3/2020,Channelnewsasia.com,Channel NewsAsia
Hospitals turn to snorkel masks to ease respirator overload,29/3/2020,Channelnewsasia.com,CNA
Helpful Baby Shark now says. ‘Wash your hands doo doo doo doo doo’,29/3/2020,Channelnewsasia.com,Channel NewsAsia
Nextdoor. the network for neighbors. grows in age of social distancing,29/3/2020,Channelnewsasia.com,CNA
ICA cancels Singaporean's passport for breaching stay-home notice,29/3/2020,Channelnewsasia.com,CNA
Honeymoon on lockdown: newlyweds' cruise goes awry over COVID-19,29/3/2020,Channelnewsasia.com,Channel NewsAsia
Mexico's President says will comply with public vote to halt brewery project,29/3/2020,Channelnewsasia.com,CNA
Clothing rental service Rent the Runway lays off workers amid coronavirus outbreak,29/3/2020,Channelnewsasia.com,CNA
World champion boxer Saunders sorry for 'hit women' virus video,29/3/2020,Channelnewsasia.com,CNA
Pence says virus taskforce soon to deliver recommendation on whether to re-open economy,29/3/2020,Channelnewsasia.com,CNA
China reports 45 new COVID-19 cases - all but one imported,29/3/2020,Channelnewsasia.com,CNA
US COVID-19 deaths surge past 2.000,29/3/2020,Channelnewsasia.com,CNA
In rare case. US infant dies from COVID-19,29/3/2020,Channelnewsasia.com,CNA
Saudi forces intercept missile over curfew-locked Riyadh,28/3/2020,Channelnewsasia.com,CNA
Italy's COVID-19 death toll tops 10.000 despite long lockdown,28/3/2020,Channelnewsasia.com,CNA
UK coronavirus deaths surge past 1.000,28/3/2020,Channelnewsasia.com,CNA
Ackman says Pershing Square no longer has hedges on stocks,28/3/2020,Channelnewsasia.com,CNA
Commentary: The eye-watering costs of postponing the Tokyo Olympics,28/3/2020,Channelnewsasia.com,Patrick Reinmoeller
COVID-19: What it's like serving a Stay-Home Notice in a hotel,28/3/2020,Channelnewsasia.com,Rachel Phua
'There's meaning and purpose': The Istana gardener who served four presidents,28/3/2020,Channelnewsasia.com,Cindy Co
North Korea fires 'unidentified projectile': Yonhap,28/3/2020,Channelnewsasia.com,CNA
How technology gives my son hope with his autism,28/3/2020,Channelnewsasia.com,Desmond Ng
Turkey coronavirus deaths pass 100: Health minister,28/3/2020,Channelnewsasia.com,CNA
Trump weighs 'quarantine' of New York. nearby states over coronavirus,28/3/2020,Channelnewsasia.com,CNA
UK coronavirus deaths surge past 1.000,28/3/2020,Channelnewsasia.com,CNA
Toughest weeks ahead in coronavirus fight. warns French PM,28/3/2020,Channelnewsasia.com,CNA
Spanish PM announces stricter lockdown measures to tackle coronavirus,28/3/2020,Channelnewsasia.com,CNA
F1 could race into January if necessary. says Binotto,28/3/2020,Channelnewsasia.com,CNA
Italy's COVID-19 death toll shoots past 10.000,28/3/2020,Channelnewsasia.com,CNA
UEFA president admits that current season may not finish,28/3/2020,Channelnewsasia.com,CNA
Ex-Venezuela general charged with drug trafficking surrenders to US,28/3/2020,Channelnewsasia.com,CNA
French chess team quarantined in Russia plan next move,28/3/2020,Channelnewsasia.com,CNA
Iran to use 20% of state budget to fight coronavirus,28/3/2020,Channelnewsasia.com,CNA
Virus cases spike after Australia cruise ship stand-off ends,28/3/2020,Channelnewsasia.com,CNA
European tourists evacuated from Bali after flights cancelled,28/3/2020,Channelnewsasia.com,CNA
South Korea virus test-kit makers approved to export to US,28/3/2020,Channelnewsasia.com,CNA
Turkey's coronavirus deaths up to 108. with 1.704 new cases,28/3/2020,Channelnewsasia.com,CNA
India to use some train coaches as coronavirus isolation wards,28/3/2020,Channelnewsasia.com,CNA
Taliban says no to Afghan negotiators,28/3/2020,Channelnewsasia.com,CNA
Coronavirus cases in Greece pass 1.000,28/3/2020,Channelnewsasia.com,CNA
Swiss virus death toll hits 235 as official says worst case scenario `not yet materialised',28/3/2020,Channelnewsasia.com,CNA
'Just one case': Fears coronavirus may spread like wildfire in world's refugee camps,28/3/2020,Channelnewsasia.com,CNA
Cricket: Cancel County Championship if it can't be played in full. says Cook,28/3/2020,Channelnewsasia.com,CNA
'Today it's our turn: French rugby clubs raise funds to help coronavirus victims. carers,28/3/2020,Channelnewsasia.com,CNA
Amazon entices warehouse employees to grocery unit with higher pay,28/3/2020,Channelnewsasia.com,CNA
NHL looks to possible Stanley Cup playoff run into August,28/3/2020,Channelnewsasia.com,CNA
Baseball: MLB. players union set terms for shortened season,28/3/2020,Channelnewsasia.com,CNA
Golf: Fleetwood wants Ryder Cup to be 'shining light' after virus,28/3/2020,Channelnewsasia.com,CNA
Football: Pedro reveals angst of separation from children due to virus,28/3/2020,Channelnewsasia.com,CNA
Former Liga winger dons white coat to take on coronavirus,28/3/2020,Channelnewsasia.com,CNA
Football: Eight West Ham players have virus symptoms says Brady,28/3/2020,Channelnewsasia.com,CNA
Football: Virus crisis hasn't ruined Rashford's recovery,28/3/2020,Channelnewsasia.com,CNA
Tennis: 'We'll be stronger than ever in 2021'. says Naomi Osaka,28/3/2020,Channelnewsasia.com,CNA
Rugby: England women's captain Hunter ready to take pay cut,28/3/2020,Channelnewsasia.com,CNA
IMDA debunks WhatsApp audio recording claiming COVID-19 can be spread through mail,28/3/2020,Channelnewsasia.com,CNA
Exclusive: Amazon entices warehouse employees to grocery unit with higher pay,28/3/2020,Channelnewsasia.com,CNA
Black dye and drones: English police bemuse public with coronavirus response,28/3/2020,Channelnewsasia.com,CNA
'Challenge' to decide who covers cost of postponing Games: Mori,28/3/2020,Channelnewsasia.com,CNA
'Challenge' to decide who covers cost of postponing Games - Mori,28/3/2020,Channelnewsasia.com,CNA
Two police officers test positive for COVID-19,28/3/2020,Channelnewsasia.com,CNA
Singapore reports 70 new COVID-19 cases. including 41 imported,28/3/2020,Channelnewsasia.com,CNA
Japan's Abe vows unprecedented stimulus as Tokyo COVID-19 cases rise,28/3/2020,Channelnewsasia.com,CNA
Malaysian doctor. wife and 5 children test positive for COVID-19,28/3/2020,Channelnewsasia.com,CNA
England women's captain Hunter ready to take pay cut,28/3/2020,Channelnewsasia.com,CNA
'We'll be stronger than ever in 2021' – Naomi Osaka,28/3/2020,Channelnewsasia.com,CNA
Japan confirms 57 new coronavirus cases at Chiba centre for disabled: Reports,28/3/2020,Channelnewsasia.com,CNA
Football: UEFA chief says season can still be saved,28/3/2020,Channelnewsasia.com,CNA
Jakarta extends state of emergency after surge in coronavirus cases,28/3/2020,Channelnewsasia.com,CNA
Britain. US working with Saudi to repatriate citizens,28/3/2020,Channelnewsasia.com,CNA
More than 600.000 coronavirus cases recorded globally,28/3/2020,Channelnewsasia.com,CNA
Airbus plane delivers face masks from China to coronavirus-hit Spain,28/3/2020,Channelnewsasia.com,CNA
Iran coronavirus death toll tops 2.500,28/3/2020,Channelnewsasia.com,CNA
General Election can wait. priority is to 'prevent a health crisis': PSP's Tan Cheng Bock,28/3/2020,Channelnewsasia.com,CNA
Malaysia reports 159 new coronavirus cases; 2.320 in total,28/3/2020,Channelnewsasia.com,CNA
Malaysia reports 159 new coronavirus cases; 2.320 in total,28/3/2020,Channelnewsasia.com,CNA
COVID-19: 'Super-spreader' guru puts Indian villages on high alert,28/3/2020,Channelnewsasia.com,CNA
Italy. Spain suffer record virus deaths as COVID-19 infection rate surges,28/3/2020,Channelnewsasia.com,CNA
Australia tightens social distancing rules to combat coronavirus. warns of fines,28/3/2020,Channelnewsasia.com,CNA
Tokyo reports new daily record of 50 new COVID-19 cases. residents urged to stay home,28/3/2020,Channelnewsasia.com,CNA
Russian agency halts doping tests amid coronavirus outbreak,28/3/2020,Channelnewsasia.com,CNA
New date for Tokyo Olympics 'won't satisfy everybody': Coe,28/3/2020,Channelnewsasia.com,CNA
Team USA weighing roster alternatives in event of spring Olympics,28/3/2020,Channelnewsasia.com,CNA
Olympic qualification process and late season being studied: World Athletics president,28/3/2020,Channelnewsasia.com,CNA
Two Olympic champions amongst four Russians accused of doping,28/3/2020,Channelnewsasia.com,CNA
New York medical workers decry 'abysmal' lack of coronavirus protection,28/3/2020,Channelnewsasia.com,CNA
All Blacks coach doubts Wales. Scotland Tests will go ahead,28/3/2020,Channelnewsasia.com,CNA
A-League footballer tests positive for COVID-19 as legal row brews,28/3/2020,Channelnewsasia.com,CNA
'Corona criminals' prey on Europe's virus fears,28/3/2020,Channelnewsasia.com,CNA
Fears of domestic violence rise as millions in Europe confined over virus,28/3/2020,Channelnewsasia.com,CNA
Creative Capital: The food scientist whose drinks tap on Southeast Asian traditions,28/3/2020,Channelnewsasia.com,Aun Koh
Why mundane moments truly matter – and how we can make the most of them,28/3/2020,Channelnewsasia.com,Channel NewsAsia
How much distance to keep? And how are 'self-isolation' and 'quarantine' different?,28/3/2020,Channelnewsasia.com,Channel NewsAsia
Supplements to protect against viruses probably won’t help. and may harm,28/3/2020,Channelnewsasia.com,Channel NewsAsia
Thailand reports 109 new coronavirus cases and one death,28/3/2020,Channelnewsasia.com,CNA
Commentary: A cat-and-mouse game between pirates and Southeast Asian maritime security authorities,28/3/2020,Channelnewsasia.com,Eric Frécon
Australia tightens quarantine rules to combat coronavirus. warns of fines,28/3/2020,Channelnewsasia.com,CNA
